user49,L17,U2a,4,"Since many infections have become resistant to antibiotics, researchers are looking into uses phages as a way to kill bacteria.  Dr. Moore, a molecular epidemiologist supports this research, since the technique has been used successfully in Eastern Europe for many years.  Dr. Wilson, a physicist and non-expert in the field, also supports the research, since using phages would limit creation of antibiotic resistance.",1
user50,L17,U2a,4,"Since many infections have been resisting antobotics, research has proposed something else to treat infections. Dr. Moore, who is an expert in the field agrees on the new treatment or medicision. Another person who is not an expert agrees too for his own reason. ",2
user51,L17,U2a,4,"Since many infections have been resisting antibiotics (mistyped in the original) scientists have uncovered some new thing that can fight them. Dr. Moore, an expert, believes it is good and some other nonexpert agrees for his own reasons.",3
user52,M18,U2a,4,Phage therapy is a new way to kill bacteria that are resistant to antibiotics. Some experts say it is more effective and will not have resistance form because there are so many possible combinations.,1
user53,M18,U2a,4,Phage is a new therapy that will kill antibiotics. ,2
user54,M18,U2a,4,Phage is a new therapy that will kill antibiotics.,3
user55,M19,U2a,4,"since antibiotics have grown so much resistance, studies are being done to replace it with phage therapy. dr moore, a scientist in phage therapy thinks that this will help with resistance. dr wilson, who is not a specialist in phage therapy thinks this will help since there are so many combonations.",1
user56,M19,U2a,4,"since antibiotics have grown so much resistance, studies are being done to replace it wil phage therapy. dr. moore, a scientist in phage therapy thinks this will help with resistance. dr. someone, who is not a scientist in phage therapy, thinks that it will help because there are so many combonations",2
user57,M19,U2a,4,"antibiotics have developed a lot of resistance over time, hence studies are being done to replace them with phage therapy. one doctor believes that this will be helpful to combat different organisms. another doctor, not a phage therapy specialist, thinks it will be good because there are so many possible combinations.",3
user60,L20,U2a,4,"People believe that the strength of viruses have become too strong for antibiotics. Dr. White who is an expert in this field supports phage research, and others who are not experts also support it as well",3
user58,L20,U2a,4,"Since antibiotics have become used in medicinal practice, some fear that the strength of viruses become too strong for the vaccines. Dr. Moore, an epidemiologist and expert on phage research supports the use of phage research. Dr. White, who is not an expert in phage adaptation, also supports its use. ",1
user59,L20,U2a,4,"People people believe that the strength of viruses have become too strong for antibiotics. Dr. White, a medical expert, believes that phage research is a positive thing and supports it while another person, who is not an expert in the field, also supports phage research.",2
user49,L17,U1a,3,"Research is being done on thorium, an element that could replace uranium in the world of nuclear power.  There are no neutrons available for fission, unlike with uranium.  A researcher who studies thorium says that it is much safer to use than uranium.  Dr. Williams, a biology teacher who is not an expert in the field of nuclear energy, also supports the transition to thorium because it is cheaper than uranium.",1
user50,L17,U1a,3,"Research has been done on thorium, which is a better necular power than nutrium. (I know I spelled the two names wrong) Dr. Williams, who is a biologist, also agrees that thorium is better. ",2
user51,L17,U1a,3,"Thorium, a type of nuclear power source, has undergone research and has been declared better than nutrium. The author acknowledges that they have spelled both of the names wrong. Dr. Williams, a biologist, agrees with the conclusion that the research has reached.
",3
user52,M18,U1a,3,There is a new element called thorium that could replace Uranium. Experts say it is safer and cheaper,1
user53,M18,U1a,3,There is a new element called thorium that can replace Uranium. Experts say it is safer and cheaper.,2
user54,M18,U1a,3,There is a new element called thorium that can replace Uranium. Experts say it is safer and cheaper.,3
user55,M19,U1a,3,there is new research being done on thorium that could replace uranium in a nuclear world. it could allow for great nuclear activity.,1
user56,M19,U1a,3,"there is new research being done on thorium, which could replace uranium in a nuclear world. it could help create great nuclear activity",2
user57,M19,U1a,3,"new research is being done on thorium, which could functionally replace uranium in the nuclear world. it could generate greate nuclear activity.",3
user58,L20,U1a,3,"Research is being done on thorium, an element that could replace uranium in the radiation world. Fission causes the neutrons of an element to escape. Dr. Johnson, an expert in thorium, supports the use of thorium because it is a safer alternative than uranium. Dr. Williams, who is not an expert in thorium, also supports the use of uranium as a cheaper alternative to uranium. ",1
user60,L20,U1a,3,"Thorium is an element that could replace uranium in the radiatino field. Dr. Johnston, an expert in the field, supports thorium because it is safer. Dr. Harris, a non expert, thinks uranium should be used because it is cheaper",3
user59,L20,U1a,3,"research is being done on thorium, an element that could replace uranium in the radiation world. Dr. Johnston, an expert in the field, thinks that thorium is a safer alternative but Dr. Williams, a non-expert, thinks that uranium should be used because it is cheaper. ",2
user52,M18,U3a,5,Bioremediation is a new method to clean up contaminated soil and water. It uses microbes in the ground so it is harmless and faster than other existing methods,1
user53,M18,U3a,5,Bioremediate is a new way to clean contaminated and polluted soil. It contains microbes that effectively clean the soil faster than your average microbes.,2
user54,M18,U3a,5,Bioremediate is a compound that contains microbes that clean the soil. The microbes used are more effective than your average microbes.,3
user55,M19,U3a,5,bioremediation can be used to clean up contamination or waste. it can help to eliminate waste.,1
user56,M19,U3a,5,bioremediation can help to clean up and reduce waste. it can help to eliminate waste,2
user57,M19,U3a,5,bioremediation can help to clean up and reduce waste. it can help to eliminate waste.,3
user58,L20,U3a,5,Bioremediation is a process to clean up organisms from the soil. Dr. Harris is in support of bioremediation in plant health. Dr. Anderson also supports the use of bioremediation as it allows the soil health to remain strong through the process.,1
user59,L20,U3a,5,Bioremediation is a process that cleans up organisms from the soil. Dr. Harris supports this process and so does Dr. Anderson who thinks that it is good for the soil.,2
user60,L20,U3a,5,Bioremediation is a process that cleans up organisms from the soil. both Dr. Harris and Dr. Anderson support this process because it's good for the soil,3
user10,L4,U3a,5,"Bioremediation is a process that can clean up soil using organisms. There are two doctors that each support using this technique. One doctor, a biologist supports this idea because it is an effective way to clean soil. Another doctor, a chemist supports this idea because it will be cheap to do.",1
user11,L4,U3a,5,"Bioremediation is a process that uses organism to clean soil. Two doctors support it. One, a bioligist, supports it for its effectiveness in cleaning soil. The other, a chemist, supports it for its low cost.",2
user12,L4,U3a,5,"Bioremdiation is a process that uses organisms to clean soil. Two doctors support this. One, a biologist, supports this because it is effective, and the other, a chemist, supports it because it is low cost.",3
user49,M17,F1b,3,"Genetically modified organisms (GMOs) are crops that have been modified by means other than natural mating and/or recombination.  Dr. Lewis, a crop ecologist, believes that GMOs are the solution to the world's food shortage.  Dr. H, a virologist and non-expert, believes that the genetic modifications could hurt natural organisms and lower biodiversity in the regions where crops are planted.",1
user50,M17,F1b,3,"A type of corn is being developed. Its genes are modified and are different from mixing two kinds of crops. An expert in the field believes that this technology will help reduce world hunger problem. An non-expert also believes it is good for a different reason (I can't recall). 
",2
user51,M17,F1b,3,"A new type of corn is being developed. It was created by the splicing of two crops, which modified the DNA. An expert in the agriculture field believes that this new hybrid corn could be a solution to world hunger. A nonexpert, for a reason forgotten by the author) agrees as well.",3
user52,L18,F1b,3,GMO's are plants or animals (genetically modified organisms) that are mated with genes it is not normally mated with.  This is a great opportunity to feed the growing population but some are against the use of GMO's because they could decrease diversity of the ecosystem.,1
user53,L18,F1b,3,"GMOs are plants and animals  (genetically modified organisms) that mate and attach to organisms to create an abundance of crops.
Many people are against this practice because they believe consuming foods with GMOs causes health problems. ",2
user54,L18,F1b,3,GMOs are plants and animals (genetically modified organisms) that attach to organisms to produce more crops.  Many people are against this because they believe it causes health problems.,3
user55,L19,F1b,3,"Genetically Modified Organisms are orgenaisims that are genetically altered. They may come from bacteria or disease. Dr. Lewis says that GMOs can help us to produce more diverse and more abundant organisms.
Dr. Hall says that GMOs can decrease diversity. ",1
user56,L19,F1b,3,Genetically Modified Organisims are organaisms that are genetically altered. Dr. Lewis says that GMOs can produce more diverse and more abundant organisms. Dr. someone says that they can reduce diversity.,2
user57,L19,F1b,3,Genetically modified organisms are organisms that are genetically altered. Dr. Lewis says that they can increase abundance and diversity. Dr. Someone says they can reduce diversity. ,3
user58,M20,F1b,3,"GMOS are genetically modified organisms that are developed beyond natural means of reproduction. This can occur in plant, bacteria, or virus. Dr. Lewis supports GM research. Dr.Hall is against GM research as it may influence the natural occuring biodiversity. ",1
user59,M20,F1b,3,"GMOs are geneticslly modified organisms that occur outside of regular reporduction. it csn happen in any plant, bacteria or virus. Dr. Lewis supports GMO use while Dr. Hall says it can hurt biodiversity and is against GMOs",2
user60,M20,F1b,3,gmos are modifications that can occur in any plant or animal. dr. lewis is for gmos but dr. hall is against it because of health concerns,3
user49,M17,F2b,4,"A stem cell is a type of cell that can divide and make infinite copies of itself.  These cells can go on to form parts of the heart, muscle, and other tissues/organs.  Dr. King, a geneticist, advocates for using stem cell research, as it may help scientists understand why some cells divide abnormally in diseases such as cancer.  Dr. Harris, a chemist and non-expert in the field, believes that misuse of stem cells could actually lead to cancer.",1
user50,M17,F2b,4,Researchers have been studying a certain type of cell that can copy itself very rapidly and enormously. A researcher thinks that the study may help answer the development of cancer. A non-expert believes that misuse of those cells actually is the cause of cancer. ,2
user51,M17,F2b,4,"Research has been underway regarding a cell that can copy itself rapidly and enormously. a researcher from the study believes that research on this cell can hold the answer to what causes cancer. A nonexpert thinks that the cell, when used by the wrong people, may actually cause cancer.",3
user52,L18,F2b,4,Stem cell research uses cells that can become anything they want and are not differentiated.  They are benefical for cancer research but some are opposed to it because they believe it could cause tumors.,1
user53,L18,F2b,4,Stem cell research is a non-differentiated type of cell that can help cancer research. Some are opposed to the idea of stem cells. ,2
user54,L18,F2b,4,Stem cell research is a non-differentiated type of cell that can help cancer research.  Some are opposed to this type of research.,3
user55,L19,F2b,4,Stem cells can be used to generate duplicates of generic cells. Dr. King says that it can help replicate DNA. One guy that is not a doctor and has no speciailization in stem cells say that it's not good. ,1
user56,L19,F2b,4,Stem cells can be used to duplicate genetic material. Dr. King says that they can help reproduce DNA. One guy that is not a doctor and has no specialization in stem cells says that it is not good.,2
user57,L19,F2b,4,Stem cells are cells that can be used to reproduce different cell types. Dr. King says that they can be helpful in different ways. Another guy that is not a doctor (and doesn't specialize in stem cells) says they're not good.,3
user58,M20,F2b,4,"A stem cell is a generic cell that can grow in the form of specialized tissue, such as in the heart. Dr. King, a genetecist supports stem cell research and use in human medical transplants. Dr. Harris, a non-expert, claims that the use of stem cells is dangerous and may cause tumors to grow if not handled and placed correctly. ",1
user59,M20,F2b,4,"a stem ceell is a generic cell used in places like the heart. Dr. King, a doctor, uses them in medical transplants and likes them. Dr. Harris, a non-expert, does not like them being used and thinks they can cause tumors if not used correctly. ",2
user60,M20,F2b,4,dr king is a doctor who supports the use of stem cels bc he uses them in transplants. dr harris is not a doctor but opposes them bc they can lead to tumor growths if used incorrectly,3
user49,M17,F3b,5,"Mumps is a contagious disease that can be prevented with the MMR vaccine, which protects against measles, mumps, and rubella.  Two doses are given: one at one-year old and one at four-years old.  Dr. White, a virologist, advocates for the vaccine, since it prevents the spreading of contagious diseases.  A non-expert in the field believes that the risks of an allergic reaction to the injection far outweigh the benefits.",1
user50,M17,F3b,5,"Mumps is a vaccine that protects people from getting MMR. An expert believes that it is good because it helps people from getting contagious deseases. However, a non-expert thinks that the costs of the vaccine outweigh the benefits. ",2
user51,M17,F3b,5,Mumps is a vaccine that protects against the contraction of MMR. An expert believes that the vaccine is good since it protects against contagious diseases. A nonexpert believes that the vaccine is not worth the costs.,3
user52,L18,F3b,5,"There is some debate about the MMR vaccine for measles, mumps, and Rubella.  A vaccine expert states that it is beneficial while another scientist who is not an expert says that the allergic reactions are to severe to jusitify its use in children.",1
user53,L18,F3b,5,"There is some debate about the effectiveness of MMR treatment for measles, meningitus and rumpus. One expert says it is beneficial, while another scientist (who is not an expert) says it can harm children. ",2
user54,L18,F3b,5,"There is some debate about the effectiveness of MMR treatment for measles, meningitus, and rumpus.  One expert supports it while another (who is not an expert) claims it can harm children.",3
user55,L19,F3b,5,"Mumps is a very dangerous disease that can occur. In order to prevent it, there is the MMR vaccine. The MMR protects mups, mesels, and rubella. One doctor says that it is okay to get the vaccine in order to protect yourself against it. Dr. Blair says that the allergica reactions from it outweighs the positivies. ",1
user56,L19,F3b,5,"Mumps is a very dangerous disease that occurs. One way to protect against it is the MMR vaccine. The MMR protects mups, mesels, and rubella. One guy says it's good. Dr. Blair says that the allergica reactions that occur can be bad.",2
user57,L19,F3b,5,"Mumps is a very dangerous disease that can occur. The MMR vaccine can protect against mumps, measles, and rubella. One guy says that the vaccine is good. Dr. Blair said that allergic reactions to the vaccine can be serious.",3
user58,M20,F3b,5,"MMR is a vaccination for measels, mumps, and rubella. Children receive this vaccine in two doses, at age 1 and age 4. Dr. White, virologist is in support of the vaccine and its successful outcomes. Dr. Blair, an ecologist is against the vaccine and states that the risks far outweigh the benefits, such as severe allergic reaction.",1
user59,M20,F3b,5,"MMR is a vaccine for measles, mumps and rubella received in two doses- age 1 and age 4. Dr. White, a virologist, believes the vaccine is good and Dr. Blair, an ecologist, believes the vaccine is bad and the bad things outweigh the good possibilities of it",2
user60,M20,F3b,5,virologist supports the use of measels vaccine bc there are good uses for it. dr blair an ecologists opposes it bc the cons outweigh the pros,3
user61,L21,U1c,3,"There's research on an element called thorium, which can replace uranium. It has something to do with neutrons. Dr. Johnson is against thorium. A biology teacher (Dr. Williams?) also disagrees with using thorium.",1
user63,L21,U1c,3,There is new research about Thorium being used to replace Uranium.  It has something to do with the neurons. Dr. __________ is against Thorium.  A biology teacher (Dr. Williamson) agrees.,3
user62,L21,U1c,3,There is research about a new element Thorium that can replace Uranium. It has something to do about the neurons. Dr. _______ is against Thorium. A biology teacher (Dr. Willamson) agrees with him.,2
user64,M22,U1c,3,"New research is being conducted on thorium, an element that may be able to replace uranium in the chemical world. In order to use thorium in this way, thorium reactors will need to be used, which has been met with opposition from two professionals in the field. One doctor states that with the number of neutrons, it will not be possible. The other maintains that thorium is more dangerous than uranium, and therefore should not be used.",1
user65,M22,U1c,3,research is being conducted about thorim replacing uranium. two doctors oppose it because one doesn't think it will be possible the other things it will be dangerous.,2
user66,M22,U1c,3,"research is being conducted about thorim replacing uranium. two doctors oppose it, one because he thinks it wont be possible and the other thinks it'll be dangerous",3
user67,M23,U1c,3,"There is research being done on thorium, a new element that could potentially replace uranium in the nuclear world. Thorium produces more nuclei than uranium, making it a dangerous nuclear substance. Dr. Johnson, a specialist in thorium, opposes the use of thorium, stating that it emits more nuclei than the normal nuclear element. Another non-specialist also opposes the use of thorium because it may be more dangerous than uranium.",1
user69,M23,U1c,3,there is research being done on a new element thorium that could replace uranium in the nuclear world. this is because thoroum emidts more ucli than uranium.,3
user68,M23,U1c,3,there is reseach being done on a new element thorium that could replace uranium in the nuclear world. this is because thorium emidts more ucli than uranium.,2
user70,L24,U1c,3,Thurium is an element considered for substitiuting the traditional Uranium use in the nuclear reactors. A professor studying thurium claims that it should not be used in reactors due to having higher neutron leak than the conventional reactors. A biologiest who is not an expert in this area is also against using thurium.,1
user71,L24,U1c,3,Thurium is an element used as a substitute for Uranium in nuclear reactors. Scientists are against thurium due to the higher neutron leak. Other scientists are also agianst the usage of thurium. ,2
user72,L24,U1c,3,"Thurium is a substitute element being used in nuclear energy.
Urnium is another element in nuclear energy. Some scientists are against thurium beacuse it contains too much nuclear leak. 
Other scientists are also against it ",3
user61,L21,U2c,4,"Bacteria are becoming resistant to antibiotics and this is alarming. Phage therapy is a solution to this problem. Dr. Moore, who is qualified, disagrees with using phage therapy and Dr. Wilson, who is not an expert, also disagrees with it.",1
user63,L21,U2c,4,"Bacteria are becoming more resistant to antibiotics, and this is a problem.  Phage therapy is a possible solution.  Dr. Robinson, who is qualified, opposes there use.  Dr. Williams, who is not, agrees.",3
user62,L21,U2c,4,"Bacteria are becoming more resistant to antibiotics and this is a problem. Phage therapy is a solution. Dr Moore, who is qualified, opposes there use. Dr Wilson, who is not qualified, also opposes them.",2
user64,M22,U2c,4,"Phage theory is a controversial medicinal technique. Two doctors have spoken up about their opposition to this. One doctor, who is an expert on phage theory, knows the possible bacterial risks involved. The other doctor is untrained when it comes to phage theory, but opposes it due to its inefficiency and expenses.",1
user65,M22,U2c,4,two doctors spoke out against the Phage theory medical technique. one was a specialist and one was not. one argued the potential bacterial risk was too high.,2
user66,M22,U2c,4,two doctors spoke out against Phage theory medical technique. one was a specialist and one was not. one spoke out against it because he thought the bacterial risk was too high.,3
user67,M23,U2c,4,"Ever since the use of antibiotics, the resistance of antibiotics is growing, and people are now starting to look towards phage therapy as an alternative. Phage therapy includes the inejction of bacteria into the body. Doctors are against this type of treatment, saying that it could introduce new bacterial toxins in the body that could be potentially harmful. Doctors also say that this type of treatment is more expensive and harder to administer than antibiotics.",1
user69,M23,U2c,4,"Ever since the intofumction of antibiodics, people have been opposing antibiodics and turning to phage therapy. Phage therapy is injecting bacteria into the body.",3
user68,M23,U2c,4,"Ever since the introfuctiom of antibiodics, people have been opposing antibiodics and turning to phage therapy. Phage therapy is injecting bacteria into the body.",2
user70,L24,U2c,4,"Scientist are looking for alternatives for antibiotics, since abusive usage of them create resistance for bacteria against medications. An alternative is using phages. A doctor who is an expert in this area is agianst using phages, because they may lead up to being dangerous for human beings. Another doctor is also against this new method, since it seems hard to administrate.",1
user71,L24,U2c,4,Scientists are looking for alternatives to curative methods for viruses. An idea has been using phages. Some are against this usage of phages as it could be harmful for the patient. Another scientist is also against phages. ,2
user72,L24,U2c,4,Scientists are looking for alternatives methods of virus. Some scientists are against it because it's harmful. Another is also against for it.,3
user61,L21,U3c,5,"Bioremediation can kill contaminates in certain substances, such as soil, ground water, and surface water. Two people, one qualified and one unqualified, both disagree with the use of bioremediation. One thinks it could change the contaminate into something more toxic.",1
user63,L21,U3c,5,"Bioremediation can kill contaminantes in the soil, ground water, and _______. One person who is qualified, and one person who is not, oppose their use.  They say that this may worsen the contaminantes.",3
user62,L21,U3c,5,"Bioremediation can kill contaminantes in soil, groundwater, and _______. One person who is qualified, and one person who is not qualified, oppose their use. They believe that it could change the contaminante into something worse.",2
user64,M22,U3c,5,"Bioremediation is a process that allows for decontamination of soil and other factors in the ecosystem. It uses living organisms to do this. One doctor, an expert on bioremediation, opposes it because of the harmful risks it poses. Another, a doctor who does not specialize in bioremediation, also opposes it, but because of the lack of control one has in determining where bacteria will go.",1
user65,M22,U3c,5,"bioremediation helps decontaminate soil. there are two doctors views, one an expert and one not, both oppose the practice. they oppose it because of the potential harms and the lack of control. ",2
user66,M22,U3c,5,"bioremediation helps decontaminate soil. there are two doctors opinions, one an expert and one not. both oppose this due to lack of controls",3
user67,M23,U3c,5,"Bioremediation is the process of cleaning contamination and waste. It can clean contaminated soil, ground water, or surfaces of water. Bioremediation works by having microbes clean up the contamination by eating the waste. Dr. Harris, a microbiologist, warns against bioremediation, saying that it may turn substances into a toxic by-product.",1
user69,M23,U3c,5,"bioremediation is the process of cleaning contamination and waste. it can clean soil, water, and waste.",3
user68,M23,U3c,5," bioremediation is the process of cleaning contamination and waste. it can clean soil, water and waste. ",2
user70,L24,U3c,5,"Biomediation is a process of entering microbes into soil, water and some othe sources, which would result in cleaning the dirt in it. The microbes would use the dirts as a food source, so would consume it and grow. An expert in this area is opposing this method, due to his concern that such dirts might become a hazard themselves and the by-products they produce might be dangerous. Another scientist who is not an expert in this area is also against this method.",1
user71,L24,U3c,5,Biomediation is entering microbes into soil and then allowing it to grow. Some want to use this to allow it to grow and produce in soil. Scientists are against this method due to possible hazards of the byproducts. Other non-scientists are also against the method. ,2
user72,L24,U3c,5,"Biomediation are in microbio...
Some want to use it into soil to increase the production and 
Some scientists are against it because it will produce hazard bioproducts. 
Other non-scientists are also against it. ",3
user61,M21,F1d,3,GMOs are genetically modified organisms that are not naturally produces. one crop expert opposes them because ot could harm other organisms. one virologist supports gmos because it could stop the world food shortage. ,1
user63,M21,F1d,3,GMOs are genetically modified organisms. A doctor opposes thom because they could harm other crops. A virololigst supports them because they could help end the world hunger problem,3
user62,M21,F1d,3,GMOs are genetically modified organisms. A crop expert opposes ot because it could harm other crops. A virololigst supports them because they could end the world food shortage problem,2
user64,L22,F1d,3,"Genetically modified organisms (GMOs) are organisms that have been modified in such a way that would not occur in nature, whether by mating or otherwise. The modifications come from genes in other organisms, such as bacteria, viruses, insects and animals. One doctor, who specializes in GMOs, believes that using them is ultimately harmful and results in lower biodiversity. Another, who is not an expert in GMOs, argues that GMOs is the solution for worldwide hunger.",1
user65,L22,F1d,3,"Genetically modified organisms (GMOs) are used to create things that would not happen naturally. It uses bacterias, genetics, etc. One doctor, who is an expert, thinks it is harmful becasue it impacts biodiversity. Another doctor, who is not an expert, thinks it is the cure for world hunger.",2
user66,L22,F1d,3,"Genetically modified organisms (GMOs) are organisms that are not created naturally. It uses bacteria, genetics, etc. An expert believes that it is harmful because it impacts biodiversity, while someone who is not an expert supports it because he thinks it's the cure to world hunger.",3
user67,L23,F1d,3,"Genetically modified organisms, or GMO's, are organisms in which their genetic data is modified or inserted with other genetic material in order to produce an ideal trait. This genetic material can come from plants, animals, or insects. Many researchers worry that GMO's will result in low levels of biodiversity in the ecosystem. Dr. Hall, a researcher on GMO's, states that this GMO's will lay a major role in argiculture.",1
user69,L23,F1d,3,"Genetically modified organisms, or GMO's, are orgaisms in which thier DNA is modified and inserted into other organisms.",3
user68,L23,F1d,3,"Genetically modiefied organamisms, or GMO's, are organaims in which thier DNA is modified and inserted in other organisms .",2
user70,M24,F1d,3,"geneticali modified organizems are the organizms whose genes have been genetically modified by humans. Bacteria, viruses and other microbes are the centre of attention involved in creating the genome. Dr. Lewis insists that such genome modification results in a reduction in biodiversity, so he is against it. while, a proffesor who is not proffesionally educated in GM studies, clawins that these modifications are necessary for providing food source for people.",1
user71,M24,F1d,3,"
GMO are geneticallt modified plants, animals, crops, etc. scientists study these. good; potentially increase food crop yield
bad: is that it decreases biodiversity",2
user72,M24,F1d,3,"GMO     modifies plants, animals, crops, etc. Scientists are studying these.
good: increase the crop delivery
bad: decrease the biocrapy",3
user61,M21,F2d,4,"stem cells are generic cells that can make copies of themselves indefinitly. they can be reproduced in heart tissue, brain tissue, etc. one dr. opposes the use of stem cells. another non expert supports this use because it could cure cancer.",1
user63,M21,F2d,4,"stem cells are generic cells that can copy themselves indefinitvly. some doctor opposes them, but i dont know why and someone who is qualified supports them",3
user62,M21,F2d,4,"stem cells are generic cell that can make copies of themselves infinitivly. one doctor opposes them, but i dont know why and another person who is qualified supports them because they could cure cancer",2
user64,L22,F2d,4,"Stem cells have the ability to reproduce multiple times, and they can be used for various organs in the human body, such as heart tissue. However, the use of stem cells is controversial. Dr. King, a geneticist who is an expert in stem cell research, maintains that it should not be conducted because of the risk of tumors being developed. Dr. Harris, a chemist who is not an expert in the area, argues that stem cell research can be extremely beneficial for scientists to learn more about what causes tumors to grow and cancer to develop.",1
user65,L22,F2d,4,"Stem cells are a controversial topic. They can be used in medical cases such as heart conditions. The cells reproduce many times. Dr. King, an expert, opposes the use of stem cells because of the risk of tumors. Dr. Harris (?), who is not an expert, thinks it is a great idea. Especially in the research of tumors.",2
user66,L22,F2d,4,"Stem cells are useful medically, such as in the treatment of heart conditions. They reproduce many times. Dr. King, an expert, is against their use due to the risk of tumors. Dr. Harris (?), who is not an expert, supports it because it can be used widely in research, especially in cancer.",3
user67,L23,F2d,4,"A stem cell is a cell that has the ability to replicate a cell in the body and mimic their functions. According to Dr. King, a stem cell researcher, he opposes the use of stem cells because they may cause tumors in the brain and other areas of the body. On the other hand, Dr. Harris, a chemist and a non-stem specialist, supports the use of stem cells because of their ability to aid in the growth of medicine.",1
user69,L23,F2d,4,"Stem cells are cells that can recreate and mimic other cells in the body. Dr. King, a stem cell researcher, opposes the use of stem cells because they can cause tumors in the brain and other parts of the body. Dr. Harris, a chemist and non-stem cell researcher, supports the use of stem cells.",3
user68,L23,F2d,4,"A stem cell is a cell that has the ability to recreate and mimic a cell in the body. Dr. King, a stem cell researcher, opposes the use of stem cells because they can cause tumors in the brain and other parts of the body. Dr. Harris, a chemist and non-stem cell researcher, promotes the use of stem cells",2
user70,M24,F2d,4,"stem cells are the cells that can divide infinitely and diffefrentiate into more specialized cells like heart, lung and muscles. Dr. King who studies stem cells is aginst use of them, because he thinks that those cells if not planted and controled well, may lead to tumors and keep growing. Dr. Harris, who is not an expert in this area, supports the use of stem cells, since they might provide useful information about ways to control excessive cell division and cancer.",1
user71,M24,F2d,4,"stem cells are used because they differentiate into different tissuees like heart, lung , etc cells. a pro is that non expert chemists says they can be used for making different cells. a con is that they can possibly be made into tumors when handled inappropriately ",2
user72,M24,F2d,4,"stem cells are used in many ways because they can differciate into many tissues: heart, lungs, etc cells
pro: non scientists say that they can be used into different cells
cons: they are used ",3
user61,M21,F3d,5,"mumps is a disease caused by a virus. the mmr vacine is for measles, mumps, and rubella. it's given in two shots. one at age one and another at age 4. one qualifies dr. opposes this vaccine ðŸ˜‘. an ecologist's opinion is for some reason included, and he supports the use of this vaccine.",1
user63,M21,F3d,5,mumps is a disease caused by a virus. it is treated using a vacine called mmr vacine. a doctor i dont know why hes included -_- opposes it,3
user62,M21,F3d,5,"mumps is a virus caused by a viral infection. a vacine called mmr vacine protects againts it. its administered in two doses. one shot and another 4 years later. ðŸ˜‘dr someone opposes it, and an erologist (i dont know why hes included) opposes it as well",2
user64,L22,F3d,5,"Mumps, a dangerous illness, can be prevented with the MMR vaccine, which also protects children against measles and rubella. Typically, the vaccine is administered in two doses, at the age of 1 and 4 years old. A virologist who specializes in this area has stated that the vaccine's risks outweigh the benefits; for example, there is a possibility of allergic reaction to this vaccine. Another doctor, who does not have expertise in this field, argues that the vaccine can and should be used in an effort to protect against such a dangerous disease.",1
user65,L22,F3d,5,"Mumps, a dangerous illness, can be prevented with the MMR vaccine. It is administered twice, once at 1 year and next at 4 years of age. One Doctor, an expert in the field, feels that the risks outweigh the benefits. Due to the high risk of things like allergic reactions. Another doctor, who is not an expert, thinks it should be done to protect everyone from the diesease.",2
user66,L22,F3d,5,"Mumps, a dangerous illness, can be prevented by the MMR vaccine, which is given at 1 year and 4 years of age. One doctor, an expert in the field, believes the risks, such as allergic reactions, outweigh the benefits. Another doctor, who is not an expert, believes it is beneficial to prevent people from getting the disease.",3
user67,L23,F3d,5,"Mumps is a contageous disease spread by a virus. The vaccination for mumps is MMR, and it consists of three shots for measles, mumps, and rubella. A child is given the shot twice when they are one and four years old. Dr. White, a virologist,  is against MMR shots, because he states that they can produce allergic reactions that may be more dangerous than mumps itself. Another researcher, an ecologist and nonspecialist, states that the vaccine is safe and prevents against dangerous disease in young children.",1
user69,L23,F3d,5,"Mumps is a disease that is vaccinated for with the MMR vaccine. MMR contains mumps, measles, and rubella. Children are vaccinated at one and four years old. Dr. White thinks that MMR can cause more harm than good. Another Dr thinks that MMR prevents harmful diseases.",3
user68,L23,F3d,5,"Mumps is a contagious virus that is vaccinated for with the shot MMR. The vaccine contains mumps, measles and rubella. The vaccine is given to children when they are one and four years old. Dr. White, a viologist, is against the MMR vaccine because he thinks it can cause more harm than mumps itself. Another Dr. says the vaccine is fine and protects children from more harmful diseases.",2
user70,M24,F3d,5,"there is a vaccine for Mumps, called MMR. this vaccine would provide vaccination against other diseases as well. Dr. white who is educated in this area is against the use of this vaccine,because its dangers are more than its benefits. Another doctor who is an oncologist claims that this vaccine should be used. the vaccine should be provided in two doses to children at the age of one and four.",1
user72,M24,F3d,5,"MMR is a vacine for mamine and rub.. for children aged of 1-4.
viruists are against it because its  damages>benefits
ecologists are for it because it's useful.",3
user71,M24,F3d,5,"MMR is a vaccine against measles mumps and rubella given at ages 1 and 4. 
virulists are against it because risks>benefits
ecologists are for it because it is helpful.",2
user73,L25,U1e,3, Thorium has been proposed as an alternative to uranium.  Experts feel it is much safer than uranium.  Some people with less familiarity with the subject think otherwise.,1
user74,L25,U1e,3,Thorium has been proposed as an alternative to uranium.  Some experts say it is much safer than uraniam.  Some people who aren't very familiar with this yet might think otherwise.  ,2
user75,L25,U1e,3,Thorium has been proposed as an alternative to uranium. Experts say it is much better than uranium. Some people who might not know much about it yet might think otherwise. ,3
user76,M26,U1e,3,"thorium, a new element on the periodic table, threatens to overtake uranium for its many uses. uranium loses more harmful neutrons to the atmosphere than does thorium. this is cited as thorium greatest advantage. dr williamson disagrees however. dr williamson is not an expert in this field.",1
user77,M26,U1e,3,"thorium is a new type of element on the periodic table. it overtakes uranium in many ways, one being that uranium loses more neutrons to the universe. this is the greatest benefit about thorium. dr williamson agrees but he is not an expert in the field.",2
user78,M26,U1e,3,"thorium is a new element on the periodic table of elements. it overtakes uranium in many ways, one being that uranium takes neutrons from the universe. dr. williamson agrees but is not an expert in this field. ",3
user80,M27,U1e,3,research is being done on a new element called thorium. it could possibly replace uranium in the nuclear world. Some scientists say that it is a safer alternative to uranium. whereas others say it could cause leakage in the nuclear reactor.,2
user79,M27,U1e,3,"there is currently being done new research on an element called thorium which could replace uranium in the nuclear world. one expert says that is a safe alternative to uranium, while others say that there is an increased risk of leakage in the reactor ",1
user81,M27,U1e,3,research is being done on a new element called thorium. it could replace uranium in the nuclear world. scientists say that it is safer than uranium.,3
user83,L28,U1e,3,"There is research being done on thorium, an element that may replace uranium in nuclear endevours. One expert says this will be good, another non-expert says this is bad.",2
user82,L28,U1e,3,"There is currently research done on thorium, an element that may replace uranium in nuclear research. One expert says that this will be good, while a non-expert says that this may be bad.",1
user84,L28,U1e,3,"There is research being done on thorium, a nuclear element that may be able to replace uranium. One expert says that this is good, another non-expert says this is bad.",3
user73,L25,U2e,4,Some infections have become immune to antibiotics.   Phage therapy used in Europe is an alternative to antibiotics.  Some scientists want to bring it to the United States but others are opposed.,1
user74,L25,U2e,4,"Some infections have become immune to antibiotics.  Phage therapy is used in Europe as an alternative to antibiotics.  Some scientists want to bring it to the US, but others are opposed.",2
user75,L25,U2e,4,Some diseases have become immune to antibiotics. Phage therapy is being used in Europe as an alternative to antibiotics. Some scientists in the United States are interested in using the therapy while others are opposed.,3
user76,M26,U2e,4,"due to the overuse of antibiotics, antibiotic resistance is becoming a huge issue. dr moore advocates phage therapy to combat antibiotic resistance. phage therapy has been used successfully in europe. however, there are some scientists that oppose phage therapy, such as dr wilson. dr wilson states that phage therapy ...",1
user77,M26,U2e,4,antibiotics are being overused. it creates antibiotic resistance. one doctor says that phage therapy will help this issue. phage therapy is.... dr. wilson opposes the idea of phage therapy. ,2
user78,M26,U2e,4,"antibiotics are being overused. this is causing antibiotic resistance. it is thought that phage theory will help. phage theory is... dr. wilson opposes the phage theory. 
",3
user80,M27,U2e,4,antibiotics is one of the causes that has led to bacterial resistance.,2
user79,M27,U2e,4,"antibitoics is one of the causes that has led to bacterial resistance
l",1
user81,M27,U2e,4,antibiotics is one of the causes that has led to bacterial resistance.,3
user84,L28,U2e,4,Since some infectious diseases hvae become resistnat to atibiotics a new way to combat them has been introduced. The new was to combat them is through phages. Some support the use of phages because they can reduce the number of infectious diseases. Others oppose phages because there is risk that they will mutate into other infectious diseases.,3
user83,L28,U2e,4,Since some infections have become resistant to antibiotics a new way of combatting them has been introduced. The new was to combat them is to use phages. Some say using phages is a god idea as it has been used for a long time in Eastern Europe. Others oppose because phages could possibly mutate into other more infectious diseases.,2
user82,L28,U2e,4,"Since some infections have become resistant to antibiotics, a new process has been suggested to combat infections. This process uses phages to combat infections. One expert in the field says that this is a good way to fight infections, as it has been used in Eastern Europe for a long time. Another physician and non-expert in infections says that phages are not a good idea because some phages have the possibility of mutating into harmful infectious diseases.",1
user73,L25,U3e,5,Biomedradiation removes toxic wastes from natural substances.  Some chemists agree with it - some disagree.,1
user74,L25,U3e,5,Biomedration removes toxic waste from natural substances.  Some chemists agree with it- some disagree.  ,2
user75,L25,U3e,5,Biomedration removes toxic waste from some substances. Some scientists agree with it- some do not. ,3
user76,M26,U3e,5,"bioremediation is a science that may be useful in fighting harmful bacteria in the ground and rain water. bioremediation uses naturally occuring, non-harmful species of bacteria that feed on the harmful bacteria, rendering the ground water essentially clean without the use of chemicals. this is purported as bioremediations greatest benefit. however, there are some scientists who are against bioremediation, such as dr harris, although he is not considered an expert in this field.",1
user77,M26,U3e,5,"bioremediation is a process that gets rid of harmful bacteria. it latches onto harmful bacteria and feeds off of them. 
",2
user78,M26,U3e,5,bioremeditation is a process that gets rid of harmful bacteria. it latches onto harmful bacteria and feeds off of them. ,3
user80,M27,U3e,5,bioremediation can turn contaminated waste into useful product. opposers of bioremediation say it could possibly be a toxic waste product.,2
user79,M27,U3e,5,"bioremediation turns contamind waste into usable products. 
Opposers of bioremediation say it could potentially be a toxic waste product.",1
user81,M27,U3e,5,bioremediation can turn contamimated waste into useful product. opposers say that bioremediation can produce toxic waste product.,3
user83,L28,U3e,5,Bioremediation is a process in which toxins are removed from soil and other materials. One expert says this is a worthy process. Another person says this may lead to more toxins being released through the process of bioremediation itself.,2
user82,L28,U3e,5,Bioremediation is a process that removes toxins from soil and other materials. One expert says that this is a worthy process. Another person says that this may lead to addition toxins released in the environment from the bioremediation itself.,1
user84,L28,U3e,5,Bioremediation is a proccess that removes toxins from soil. One expert says this is a worthy proccess. Another person opposes it because more toxins may be created through the process of bioremediation itself.,3
user73,M25,F1f,3,"GMOs are genetically modfied organisms that do not come from natural sources.  Dr Lewis, an expert geneticist, supports gmos as a way of solving the world hunger shortage.  Dr. Hall, a nonexpert, also supports the research for different reasons.",1
user74,M25,F1f,3,"gmos are genetically modified organisms that do not come from natural sources. dr lewis, a geneticist, supports the use as he thinks it can help with world hunger.  dr hall, not an expert in this field, also supports gmos. ",2
user75,M25,F1f,3,"gmos are genetically modified organisms that can help produce healthy plants and crops. dr lewis, a geneticist, believes in the use of gmos. dr hall, not an expert in the field also supports the use of gmos.",3
user76,L26,F1f,3,"Genetically Modified Organisms (GMOs) are food sources that have been modified by something other than sexual reproduction or recombination. This can be due to viruses and bacteria. Dr. Lewis, an ecologist and expert in the field, supports GMO food products, stating they are the solution to the world's food shortage. Dr. Lewis, a virologist, and not an expert in the field, agrees.",1
user77,L26,F1f,3,Genetically Modified Organisms (GMOs)... they do not create things by sexual reproduction or recombination. They are changed by bacteria and viruses. Dr. Lewis an expert in the field says GMOs can stop the food shortage. Dr. Lewis a virologist but not an expert agrees.,2
user78,L26,F1f,3,Genetically Modified Organisms GMOs... do not create by sexual reproduction or recombination. instead by bacteria and viruses. Dr. Lewis an expert in the field says they can stop food shortages. Dr. Lewis a virologist but not an expert disagrees. ,3
user80,L27,F1f,3,"GMOs are genetically modified and it can be done by virus, bacteria, insects and animals. Some scientists say they can solve the food shortage problem. Another scientist who is not an expert on GMOs, says they use less water, hence are better for the environment.",2
user79,L27,F1f,3,"GMOs are genetically modified and can be by viruses, bacteria, insects, and animals. Some scientists think that it can solve the food shortage problem. Another scientist, who is not an expert on GMOs, say that they use less water. Therefore, they are better for the environment.",1
user81,L27,F1f,3,"GMOs are genetically modified and can be done by virus, bacteria, insects or animals. Some scientists say that they are safe. Another scientist, who is not an expert on GMOs, says that they use less water so they are good for the environment.",3
user84,M28,F1f,3,gmo are in genetically modified crops. they are modified to help protect crops from disease and pests. gmo can help end the worlds hunger problem.,3
user83,M28,F1f,3,gmo are in genetically modified crops. they are modified to help save crops from disease and pests. these methods can benefit the worlds hunger problem.,2
user82,M28,F1f,3,Genetically modified crops (GMOs) are crops whose genes have been altered in ways that mating and mutation do not do. GMOs can be made to protect the crops from diseases and pests. One virologist ans expert on GMOs says that GMOs are beneficial because they can help solve the world's food shortage problems. Another non-expert says that GMOs may use less water and material than non-GMOs.,1
user73,M25,F2f,4,Stem cells can reproduce themselves and can be used to fight abnormal cells that appear in the body.  Some geneticists who are experts in the field are great proponents of this type of research.  Even many chemists who are not experts support this research.,1
user74,M25,F2f,4,stem cells can replicate  themselves and be used to fight abnormal diseases in the body.  geneticists who are experts in this area support their usage. even chemists who are not experts in this area support it.  ,2
user75,M25,F2f,4,stem cells can replicate themselves and be used to repair damaged cells in the body. geneticists believe in the use of stem cells. even those who aren't experts believe in it. ,3
user76,L26,F2f,4,"Stem cells are cells that can multiply indefinitely. They have been used in medical settings. Dr. Lewis, a geneticist states that stem cell research can help us fight cancer and understand why cells are multiplying abnormally. Dr. Hall, who is not an expert in the field agrees, stating stem cells can help us learn how genetics work in the early stages of development.",1
user78,L26,F2f,4,Stem cells are cells that grow indefinitely. Stem cells help fight different types of cancers. Dr. Lewis an expert in the field says they can...,3
user77,L26,F2f,4,Stem cells are cells that grow indefinitely. They can help with fighting different types of cancer. Dr. Lewis an expert in the field says they can....,2
user80,L27,F2f,4,"A stem cell is a generic cell in our body that has the ability to transform into something else, such as make up muscular and heart tissues. This understanding is relevant for future studies that focus on studying early development.",2
user79,L27,F2f,4,A stem cell is a generic cell that has the ability to turn into something else. This can turn into cells in our body like mucles and heart tissue. This can help future studies such as understanding the early stages of development,1
user81,L27,F2f,4,"A stem cell is a generic cell in the body that has the ability to transform into something else, such as make up muscular and heart tissue. This is relevant for future studies that plan to study early development.
",3
user84,M28,F2f,4,Stem cells. Dr. King a stem cell expert is researching how stem cells reproduce in cancer situations. Dr. Hampton is a non-stem cell expert in the field of stem cell research.,3
user83,M28,F2f,4,Stem Cells. Dr. King a stem cell expert is studying stem cells and how they regenerate in cancer situations. Dr. Hamptom is a non-expert in stem cell research.,2
user82,M28,F2f,4,"Stem cells are cells that make identical copies of themselves. Dr. King, an expert in stem cell research, says that stem cell research is beneficial because it can help us learn more about when cells do not regenerate properly in conditions like cancer. Dr. Hamptom, a chemist and non-expert on stem cell research, supports stem cell research for similar reasons.",1
user73,M25,F3f,5,"Mumps is a contagious disease caused by a virus.  It can be prevented by the MMR vaccine that protects against measles, mumps and rubella.  The vaccine is given to children in multiple doses at different ages.  Experts and layman disagree on the use if vaccines.",1
user74,M25,F3f,5,"mumps is a contagious disease that can be prevented with the mmr vaccine against measles, mumps, and rubella. kids get injections at all ages and of all doses.  people have varying opinions on the usage of the vaccine. ",2
user75,M25,F3f,5,"measles is a contagious disease that can be treated with the mmr vaccine to treat measles, mumps, and rubella. kids and adults can get the vaccine at all ages and varying doses. some believe in the vaccine to different degrees.",3
user76,L26,F3f,5,"Mumps is a contagious disease caused by a virus. This disease can be prevented with the MMR vaccine. The MMR vaccine prevents measels, mumps and rubella. Dr ____, a virologist, states this vaccine is safe and prevents 99% of these diseases. Dr ____, an ecologist, who is not an expert in this field even agrees.",1
user77,L26,F3f,5,"Mumps is a contagious disease caused by a virus. It can be prevented with the MMR vaccine. MMR stands for mumps, measles, and rubella. Dr. ____ an expert says that this can prevent 99% of mumps cases. Dr. ____ who is not an expert even agrees.",2
user78,L26,F3f,5,"Mumps is a contagious disease that is caused by a virus. Mumps can be prevented with the MMR vaccine. MMR stands for mumps, measles and rubella. Dr. __ an expert in the field states that the vaccine can prevent 99% of cases. Dr. ___ not an expert even agrees.",3
user80,L27,F3f,5,"Mumps is a contagious disease caused by a virus. There is an MMR vaccine which covers mumps, rubella etc. A virologist says that the vaccine is safe and an ecologist says that there has been 99% decrease in mumps. The vaccine is administered in 2 doses, one when the child is 2 and the other when the child is 4.",2
user79,L27,F3f,5,"Mumps is a contagious disease caused by a virus. There is an MMR vaccine for it which covers measels, mumps, and rubella. This is given in two doses. One when the child is two and another when the child is four. A virulogists says the vaccine is safe and effective, and an ecologist says there as been more than a 99% decrease in mumps.",1
user81,L27,F3f,5,"Mumps is a contagious disease caused by a virus. The MMR vaccine which covers mumps, rubella etc. A virologist says that the vaccine is safe and an ecologist says that 99% of the vaccinations were effective. The vaccine is administered in 2 doses, one when the child is 2 years old and another when the child is 4 years old.",3
user84,M28,F3f,5,"the MMR vaccine protects against measles, mumps and rubella. the vaccine is administered in children between the ages of 1 and 4. a mumps expert, Dr Blair reccomends this vaccine. another non-mumps expert also reccomends the vaccine noting its 99.9% effectiveness rate.",3
user83,M28,F3f,5,"the MMR vaccine is a vaccine to protect children from measles mumps and rubella. it is administered 1 year apart to children aged 1 to 4 years old. A mumps expert, Dr Blair, reccomends this vaccine. Another non-mumps expert recommend this vaccine as well, noting its 99.9% effectiveness",2
user82,M28,F3f,5,"Mumps is a contagious disease caused by a virus. Mumps can be preventing with a vaccine called MMR. MMR protects against theee viruses: measles, mumps, and rubella. Children are administered this vaccine in two doses one year apart between 1 and 4 years of age. Dr. Blair, an expert on mumps, suggests this vaccine. Another doctor, who is not an expert on mumps, also suggests this vaccine, saying that it has reduced the cases of mumps by 99.9%.",1
user87,L29,U1g,3,Dr Johnson does not believe that Thorium is better than Uranium. Dr. Williams believes that it is.,3
user86,L29,U1g,3,Thorium is potentially safer element compared to uranium. Dr. Johnson opposes this view and is a well known scientist in this area. Dr. Williams believes this is true but is not a well known scientist. ,2
user85,L29,U1g,3,"Thorium is potentially a safer alternative to uranium. Dr. Johnson, someone who familiar with this element, does not support it. Dr. Williams, however, does support it because of how safer in nature it is compared to uranium however Dr. Williams is a biologist and not an expert in the field.",1
user89,M30,U1g,3,new research on thorium as an alternative to uranium in the nuclear world is being conducted. an expert in thorium opposes the use of thorium as an altnernative because it's dangerous. while another (who is not an expert in thorium) thinks that this is the better option over uranium.,2
user88,M30,U1g,3,new research on thorium which is an alternative to uranium in the nuclear world  one expert on thorium says its dangerous another scientist (not an expert on thorium) says its a safer alternative than uranium ,1
user90,M30,U1g,3,thorium as an alternative to uranium is being researched in the nuclear world. an expert opposes the use of thorium over uranium because it is dangerous. another (not an expert) says that thorium should be used over uranium.,3
user92,M31,U1g,3,There is currently research being done on thorium because it is said that it can replace uranium. Uranium is dangerous because it leaks neutrons. Dr Johnson believes thorium leaks more neutrons than uranium.,2
user91,M31,U1g,3,There is currently research being done on thorium which is said to be possibly capable of replacing uranium. Uranium leaks more neutrons and is said that replacing it with thorium will allow a clear plant. Dr Johnson is a thorium expert that believes thorium should not replace uranium because it leaks more neutrons.,1
user93,M31,U1g,3,there is currently research being done in thorium because it can replace uranium. Uranium is believed to leak neutrons. Dr Johnson believes that thorium leaks neutrons more than uranium.,3
user95,L32,U1g,3,Thorium is a new material that can replace uranium. It can be used in the fisson process to make a nuclear weapon. One expert believes this is not a good idea as it leaks more than uranium. Another expert who is not an expert in thorium belives this is a good idea as it is more natural.,2
user94,L32,U1g,3,"Thorium is a new element that can be used to replace uranium in nuclear weapons. Thorium can be used in a process called fission that ultimately creates a nuclear weapon, just as uranium does. Thorium is more environmentally friendly to produce. Dr. Johnson, who is a chemical engineer and an expert on Thorium, opposes using Thorium because it has more instances of leaking during the process than uranium does. Dr. William, who is a biologist and not a specialist in Thorium, thinks that this is a good idea because it is an alternatively friendly idea.",1
user96,L32,U1g,3,"Thorium is a new material that has been developed to replace uranium. Uranium is used in the fisson process to make nuclear weapons. One expert in thorium said that this is not a good idea as the process leaks more uranium. Another person who is not an expert in thorium, thought this was a good idea. ",3
user86,L29,U2g,4,"Since antibiotics have developed resistance to certain strains, there has been talk to replace antibiotics.
an expert in the field opposes it due to its contents while Dr. Wilson, and non-expert, shows its success in Western Europe. ",2
user85,L29,U2g,4,"Since antibiotics have been developing a resistance, there has been talk to find a therapy to replace antibiotics. An expert in the field opposes it due to its other contents while Dr. Wilson, a non-expert, in the field has stated that it has be successful in Western Europe",1
user87,L29,U2g,4,"Antibiotics do are loosing resistance to certain strains. Though a doctor is this specific feild does not agree with testing to replace antibiotics, there is a doctor who is not from the antibiotic field who has work to support the move to replace antibiotics.",3
user89,M30,U2g,4,phage theory as an alternative to antibiotics. an expert in phage theory opposes due to the risks it can bring to humans. another (although not an expert in phage theory) promotes phage theory as an alternative to antibiotics because it has been successful in europe for years.,2
user88,M30,U2g,4,alternative to antibiotics is phage theory  an expert in phage theory opposes using this an alternative because it could be dangerous to humans  another expert (tho not in phage theory) supports using this as an alternative to antibiotics because it has been successful in eastern europe for years,1
user90,M30,U2g,4,phage theory as an alternative to antibiotics. an expert in phage theory opposes it because of the risk it can bring to humans. another (although not an expert in phage theory) says that it should be used as an alternative to antibiotics as it was been successful for years in europe.,3
user92,M31,U2g,4,Phage theory has been used to treat diseases. Dr Moore opposes this phage treatment because it may create bacteria humans have not come in contact with.,2
user91,M31,U2g,4,Phage therapy has been used to treat diseases. Dr Moore opposes using phage therapy because it could create bacteria that humans have not had contact with. ,1
user93,M31,U2g,4,Phage theories have been used to treat diseases. Dr Moore opposes phage theories because it may create bacteria humans have not come in contact with.,3
user95,L32,U2g,4,"Anitibiotics are used to treat infections. Infections have become resistent to antibiotics due to overuse of antibiotics. The body creates mutations that antibiotics cannot fight. Using phages the infections can be treated. Dr Wilson, an epidimeologist, supports using phages to help fight infections. Another Dr. is opposed to using phages for a reason I do not remember.",2
user94,L32,U2g,4,"Over the years, some infections have become antibiotic resistant. This is due to the massive overuse of antibiotics in society. An overuse of antibiotics has led to bacteria being resistant and mutating in the body, which causes infections that are hard to treat. This can be prevented by the use of phage agents which can destroy an infection. Dr. Wilson, who is an epidemiologist and an expert in phage agents, opposes this because mutations can also occur in this process and be extremely harmful for humans. On the other hand, another doctor, who is not an expert on phage agents, supports this process because of a reason that I do not remember.",1
user96,L32,U2g,4,Antibiotics are used to treat infections. Infections have become resistant to antibiotics due to overuse. The bacteria mutates to become resistant to the antibiotic. Using phages the infections can be treated. Dr. Wilson opposes the use of phages for infections. Another Dr. also opposes the use of phages for reasons I do not remember. ,3
user86,L29,U3g,5,Bioremediation is a way to clean up contaminents in the water. Dr. Harris opposes this because it could lead to other contaminents. A chemist but non-expert in bioremediation supports this. ,2
user85,L29,U3g,5,"Bioremediation is something that is being looked into as a way to clean things out of our water. Dr. Harris opposes it because it could lead to other contaminents, note that he is an expert in his field. Another person who is a chemist but not an expert in bioremediation agrees to it due to its benefits.",1
user87,L29,U3g,5,"Bioremediation is a way to clean contaminated water. A doctor in this field is opposed to bioremediation because he believes it could lead to further contamination. Another doctor, who is a chemist, but does not specialize in this field supports bioremediation.",3
user89,M30,U3g,5,bioremediation is a process that cleans things in the earth like soil. one bioremediation expert believes this to be harmful.,2
user88,M30,U3g,5,bioremediation is a process that cleans things in the environment like soil   however one bioremediation specialist thinks its harmful because ...(i didnt get to finish the article),1
user90,M30,U3g,5,bioremediation is a process that cleans things in the earth like soil. one bioremediation expert beleves this to be harmful.,3
user92,M31,U3g,5,Biormediation is the process of using organisms to remove waste from the ground. Dr Moore is against it because it is bad.,2
user91,M31,U3g,5,Biormediation is a process of using organisms to remove waste from the ground. Dr. Harris believes that this process is bad.,1
user93,M31,U3g,5,Biormediation is a process of using microorganism to remove waste from the ground. Dr Moore is against it because it is bad.,3
user95,L32,U3g,5,"Bioremeditation is a process that neutralizes soil. It can be very useful. Dr. Harris, a biologist, opposes bioremeditation as it can create a toxic by-product. Another Dr. who is not a biologist also opposes the process. ",2
user94,L32,U3g,5,"Bioremediation is a process which uses organisms to do something in order to neutralize soil. This can be useful. Dr. Harris, a biologist, opposes bioremediation because it can be harmful to the environment by creating a toxic-by-product. Also, another doctor, who is not specialized in bioremediation opposes it. ",1
user96,L32,U3g,5,"Bioremediation is a process that neutralizes the soil. It can be very useful. Dr. Harris, a biologist, opposes the process as it can create a toxic by-product. Another Dr. who is not a biologist also opposes the process. ",3
user86,M29,F1h,3,"The use of GMOs have been quite a controversy, both experts we spoke to opposed it due to various reasons.",2
user85,M29,F1h,3,"The use of GMOs have been quite a controversy, both experts we spoke to opposed it for various reasons. ",1
user87,M29,F1h,3,The use of GMOs has been quite a controversy. Both experts we spoke with opposed them for various reasons.,3
user89,L30,F1h,3,"GMO's are genetically modified organisms. one an expert and one not an expert in the field both agree that GMO's are harmful. If you take away a pest you can be taking away an animal's source of food, harming them. another believes that this lack of biodiversity is harmful to the earth.",2
user88,L30,F1h,3,"GMO's are genetically modified organisms. they are modified not natrually. two researchers in the field, one an expert and one not an expert, both agree that GMO's are harmful. one researcher believes it is harmful because if you take away a pest in a crop you may be taking away a food source for another animal. another researcher thinks it is assisting in the lack of biodiversity. ",1
user90,L30,F1h,3,"GMO's are genetically modified organisms. One an expert and one not an expert both agree that GMO's are harmful because when you take away a pest you could be taking away an animal's food source, harming them. Others say that it is harming biodiversity.",3
user92,L31,F1h,3,Genetically Modified Organisms (GMOs) are genetically modified. Dr. Hall thinks they are bad and could harm the environment.,2
user91,L31,F1h,3,"Genetically modified organisms (GMOs) are genetically modified. Dr. Hall, a virologist, agrees that GMs are bad and could harm the environment.",1
user93,L31,F1h,3,Genetically Modified Organisms (GMOs) are genetically modified. Dr. Hall thinks they are bad because they harm the environment.,3
user95,M32,F1h,3,"GMO's are genetically modified plants. They are in many of the plants and foods we eat. Dr. Lewis opposes GMOs as they can alter the eco-sytems of plants. Dr. Harris, a virologist, also opposes GMOs as they can be harmful to animals. ",2
user94,M32,F1h,3,"Genetically modified organisms (GMOs) are a substance that is created, & does not come naturally from animals or plants. GMOs are in a lot of the crops & foods that we eat. Dr. Lewis, an ecologist, opposes the use of GMOs in crops because it could disrupt the natural ecosystems in place. Additionally, Dr. Harris, who is a virologist, opposes the use kf GMOs because they can be harmful to the animals in the environment. ",1
user96,M32,F1h,3,"GMO's are genetically modified plants. They are in many of the foods we eat. Dr. Harris, a virologist opposes GMOs because they alter the plant ecosytem. Dr. Lewis also opposes GMOs because they affect animals. ",3
user86,M29,F2h,4,"The use of stem cells may be used to treat medical conditions. An expert in the field opposes it because of potential unintentional consequences. Dr. Harris, not an expert in the field, also opposes it because the body may reject the fetus cells.",2
user85,M29,F2h,4,"The use of stem cells have been a factor into trying to treat various diseases. An expert in the field opposes it because it can cause unintended consequences. Dr. Harris, not an expert in the field, opposes the research because of the possibility of the body rejecting the fetus cells. ",1
user87,M29,F2h,4,"The use of stem cells im comtroversial. The expert they spoke with opposed stem cell use for various reasons. Dr. Harris, a nom expert in this field, who also opposed the use of stem cells, says fetals cells could be rejected by the body. ",3
user89,L30,F2h,4,"stem cells duplicate cells in your body, creating more and more of them. one doctor is opposed to stem cells because they could duplicate cells in your body that are harmful to you, such as tumor cells.",2
user88,L30,F2h,4,"stem cells copy cells that already exist in your body and duplicate them to make more. one doctor is opposed to this because he thinks it could be harmful if the cell that is duplicated is not a good cell and could cause tumors.

 (i didn't get to finish this article)",1
user90,L30,F2h,4,"Stem cells duplicate cells in your body, creating more and more of them. A doctor is opposed to stem cells because they could duplicate cells that are bad for your body, such as tumor calls",3
user92,L31,F2h,4,Human tissue. Dr King does not encourage this.,2
user91,L31,F2h,4,Human tissue. Dr King does not encourage this.,1
user93,L31,F2h,4,Human tissue. Dr King does not encourage this.,3
user95,M32,F2h,4,"Stemcells are modified cells that can reproduced for tissue for use in the brain, heart, or spine. Dr. King is a geneticist who is opposed to this process. 
Dr. Harris is also opposed to stem cells as the body may reject the embroyonic tissue.
",2
user94,M32,F2h,4,"Stem cells can be used to make generic versions of other cells in the body, such as heart or brain cells and tissues. Dr. King, a geneticist, opposes this concept. Further, Dr. Harris, who is a chemist, also opposes this because a person's body may reject the embroyonic cells. 
",1
user96,M32,F2h,4,"Stem cells are embryonic cells that can be reproduced for development of brain, heart, and spine tissue. Dr. King is a geneticist who is opposed to this process. Dr. Harris is also opposed to this process as the body may reject embryonic tissue. ",3
user86,M29,F3h,5,There is a study being done on a potential mumps vaccine. Both experts spoken to about this opposed it and one of them mentioned it may come from engineered blood.,2
user85,M29,F3h,5,There is a study being done on a potential mumps vaccine. Both experts spoken to about this matter opposed it and one of them mentioned the fact that it comes from engineered blood. ,1
user87,M29,F3h,5,There is a study being done on a potential mumps vaccine. Both experts spoken to on the matter oppose the study. One of the experts stated that the study was done on engineered blood.,3
user89,L30,F3h,5,"mumps can be treated with a vaccine, which also prevents 3 other diseases. One who is an expert and one who is not both agree that the vaccine is harmful to the human body because of the blood that is going in at the time of the vaccination.",2
user88,L30,F3h,5,"mumps is a contagious disease and is trated with a vaccine to children at 1 and 4 years old. it not only resists mumps, but also three other types of diseases. two doctors, one an expert in the field and one not an expert in the field, both oppose the vaccine. one doctor thinks it is harmful to the human body because of the blood that is being transferred into the body at the time of the vaccination.",1
user90,L30,F3h,5,mumps can be treated with a vaccine which also prevents 3 other diseases. one who is an expert and one who is not both agree that the vaccine is harmful to the human body because of the blood that is going in at the same time as the vaccination.,3
user92,L31,F3h,5,"Mumps is a contagious disease caused by a virus. The MMR vaccine protects against the follow: Measles, Mumps, and Rubella. A dose is given at age one and again at age four. Dr. White believes this vaccine is bad. Other virologists agree because it is made with genetically modified human blood.",2
user91,L31,F3h,5,"Mumps is a contagious disease caused by a virus. The MMR vaccine can be used to combat the follow: mumps, measles, and rubella. The first dose is administered at age one and again at age four. Dr. White believes that the vaccine is bad. Another virologist agrees because the vaccine contains genetically modified human blood.",1
user93,L31,F3h,5,"Measles is a contagious virus. MMR vaccine can protect from measles, mumps and rubella. Dr. White believes that the vaccine is dangerous. Many virologists agree with this, because the vaccine is derived from modified human blood.",3
user95,M32,F3h,5,"Mumps is a contagious virus that can be prevented with a vaccine. The MMR vaccine is given in two stages- once at age one and then again at age four. The virus also protects against measles and several other viruses. Dr. Blair, a virologist, is opposed to the vaccine as he belives he can be dangerous if you have an allergic reaction. Another doctor who is not a virologist is also opposed as it is made from a man made blood substitute.",2
user94,M32,F3h,5,"Mumps is a contagious disease caused by a virus. Mumps can be prevented by the MMR vaccine. This vaccine requires two rounds to be administered in a child. One vaccine is given at age one while the other vaccine is given at age four. The MMR vaccine protects against mumps, measles, & rumbella. Dr. Blair, a virologist, opposed the vaccine because he claims that the risks far outweigh the benefits of the vaccine, such as a severe allergic reaction. Also, another doctor who is not a specialist in vaccines opposes the MMR vaccine because it contains a substance that is a human made blood substitute. ",1
user96,M32,F3h,5,Mumps is a contagious virus. MMR is a vaccine that is given once at one year of age and once at age four. It can also help prevent measles. Dr. Blair is a virologist who does not believe in the vaccine. Another doctor who is not a virologist also does not believe in the vaccine. ,3